codigo;categoria;subcategoria;descricao
INFLAMAVEL;ATIVIDADES E OPERAÇÕES PERIGOSAS COM INFLAMÁVEIS;2. ATIVIDADES DE RISCO;A. NA PRODUÇÃO, TRANSPORTE, PROCESSAMENTO E ARMAZENAMENTO DE GÁS LIQUEFEITO
INFLAMAVEL;ATIVIDADES E OPERAÇÕES PERIGOSAS COM INFLAMÁVEIS;2. ATIVIDADES DE RISCO;B. NO TRANSPORTE E ARMAZENAGEM DE INFLAMÁVEIS LÍQUIDOS E GASOSOS LIQÜEFEITOS E DE VASILHAMES VAZIOS NÃO-DESGASEIFICADOS OU DECANTADOS.
INFLAMAVEL;ATIVIDADES E OPERAÇÕES PERIGOSAS COM INFLAMÁVEIS;2. ATIVIDADES DE RISCO;C. NOS POSTOS DE REABASTECIMENTO DE AERONAVES.
INFLAMAVEL;ATIVIDADES E OPERAÇÕES PERIGOSAS COM INFLAMÁVEIS;2. ATIVIDADES DE RISCO;D. NOS LOCAIS DE CARREGAMENTO DE NAVIOS-TANQUES, VAGÕES-TANQUES E CAMINHÕES-TANQUES E ENCHIMENTO DE VASILHAMES, COM INFLAMÁVEIS LÍQUIDOS OU GASOSOS LIQÜEFEITOS.
INFLAMAVEL;ATIVIDADES E OPERAÇÕES PERIGOSAS COM INFLAMÁVEIS;2. ATIVIDADES DE RISCO;E. NOS LOCAIS DE DESCARGA DE NAVIOS-TANQUES, VAGÕES-TANQUES E CAMINHÕES-TANQUES COM INFLAMÁVEIS LÍQUIDOS OU GASOSOS LIQÜEFEITOS OU DE VASILHAMES VAZIOS NÃO-DESGASEIFICADOS OU DECANTADOS.
INFLAMAVEL;ATIVIDADES E OPERAÇÕES PERIGOSAS COM INFLAMÁVEIS;2. ATIVIDADES DE RISCO;F. NOS SERVIÇOS DE OPERAÇÕES E MANUTENÇÃO DE NAVIOS-TANQUE, VAGÕES-TANQUES, CAMINHÕES-TANQUES, BOMBAS E VASILHAMES, COM INFLAMÁVEIS LÍQUIDOS OU GASOSOS LIQUEFEITOS, OU VAZIOS NÃO-DESGASEIFICADOS OU DECANTADOS.
INFLAMAVEL;ATIVIDADES E OPERAÇÕES PERIGOSAS COM INFLAMÁVEIS;2. ATIVIDADES DE RISCO;G. NAS OPERAÇÕES DE DESGASEIFICAÇÃO, DECANTAÇÃO E REPAROS DE VASILHAMES NÃO-DESGASEIFICADOS OU DECANTADOS.
INFLAMAVEL;ATIVIDADES E OPERAÇÕES PERIGOSAS COM INFLAMÁVEIS;2. ATIVIDADES DE RISCO;H. NAS OPERAÇÕES DE TESTES DE APARELHOS DE CONSUMO DO GÁS E SEUS EQUIPAMENTOS.
INFLAMAVEL;ATIVIDADES E OPERAÇÕES PERIGOSAS COM INFLAMÁVEIS;2. ATIVIDADES DE RISCO;I. NO TRANSPORTE DE INFLAMÁVEIS LÍQUIDOS E GASOSOS LIQÜEFEITOS EM CAMINHÃO-TANQUE.
INFLAMAVEL;ATIVIDADES E OPERAÇÕES PERIGOSAS COM INFLAMÁVEIS;2. ATIVIDADES DE RISCO;J. NO TRANSPORTE DE VASILHAMES (EM CAMINHÃO DE CARGA), CONTENDO INFLAMÁVEL LÍQUIDO, EM QUANTIDADE TOTAL IGUAL OU SUPERIOR A 200 LITROS, QUANDO NÃO OBSERVADO O DISPOSTO NOS SUBITENS 4.1 E 4.2 DESTE ANEXO.
INFLAMAVEL;ATIVIDADES E OPERAÇÕES PERIGOSAS COM INFLAMÁVEIS;2. ATIVIDADES DE RISCO;L. NO TRANSPORTE DE VASILHAMES (EM CARRETA OU CAMINHÃO DE CARGA), CONTENDO INFLAMÁVEL GASOSOS E LÍQUIDO, EM QUANTIDADE TOTAL IGUAL OU SUPERIOR A 135 QUILOS.
INFLAMAVEL;ATIVIDADES E OPERAÇÕES PERIGOSAS COM INFLAMÁVEIS;2. ATIVIDADES DE RISCO;M. NAS OPERAÇÃO EM POSTOS DE SERVIÇO E BOMBAS DE ABASTECIMENTO DE INFLAMÁVEIS LÍQUIDOS.
INFLAMAVEL;ATIVIDADES E OPERAÇÕES PERIGOSAS COM INFLAMÁVEIS;2.2.I. SERVIÇOS DE OPERAÇÃO E MANUTENÇÃO DE EMBARCAÇÕES, VAGÕES-TANQUES, CAMINHÕES-TANQUES, BOMBAS E VASILHAMES DE INFLAMÁVEIS;A. ATIVIDADES DE INSPEÇÃO, CALIBRAÇÃO, MEDIÇÃO, CONTAGEM DE ESTOQUE E COLHEITA DE AMOSTRA EM TANQUES OU QUAISQUER VASILHAMES CHEIOS
INFLAMAVEL;ATIVIDADES E OPERAÇÕES PERIGOSAS COM INFLAMÁVEIS;2.2.I. SERVIÇOS DE OPERAÇÃO E MANUTENÇÃO DE EMBARCAÇÕES, VAGÕES-TANQUES, CAMINHÕES-TANQUES, BOMBAS E VASILHAMES DE INFLAMÁVEIS;B. SERVIÇOS DE VIGILÂNCIA, DE ARRUMAÇÃO DE VASILHAMES VAZIOS NÃO-DESGASEIFICADOS, DE BOMBAS PROPULSORAS EM RECINTO FECHADOS E DE SUPERINTENDÊNCIA
INFLAMAVEL;ATIVIDADES E OPERAÇÕES PERIGOSAS COM INFLAMÁVEIS;2.2.I. SERVIÇOS DE OPERAÇÃO E MANUTENÇÃO DE EMBARCAÇÕES, VAGÕES-TANQUES, CAMINHÕES-TANQUES, BOMBAS E VASILHAMES DE INFLAMÁVEIS;C. ATIVIDADES DE MANUTENÇÃO, REPAROS, LAVAGEM, PINTURA DE EMBARCAÇÕES, TANQUES, VIATURAS DE ABASTECIMENTO E DE QUAISQUER VASILHAMES CHEIOS DE INFLAMÁVEIS OU VAZIOS, NÃO DESGASEIFICADOS
INFLAMAVEL;ATIVIDADES E OPERAÇÕES PERIGOSAS COM INFLAMÁVEIS;2.2.I. SERVIÇOS DE OPERAÇÃO E MANUTENÇÃO DE EMBARCAÇÕES, VAGÕES-TANQUES, CAMINHÕES-TANQUES, BOMBAS E VASILHAMES DE INFLAMÁVEIS;D. ATIVIDADES DE DESGASEIFICAÇÃO E LAVAGEM DE EMBARCAÇÕES, TANQUES, VIATURAS, BOMBAS DE ABASTECIMENTO OU QUAISQUER VASILHAMES QUE TENHAM CONTIDO INFLAMÁVEIS LÍQUIDOS
INFLAMAVEL;ATIVIDADES E OPERAÇÕES PERIGOSAS COM INFLAMÁVEIS;2.2.I. SERVIÇOS DE OPERAÇÃO E MANUTENÇÃO DE EMBARCAÇÕES, VAGÕES-TANQUES, CAMINHÕES-TANQUES, BOMBAS E VASILHAMES DE INFLAMÁVEIS;E. QUAISQUER OUTRAS ATIVIDADES DE MANUTENÇÃO OU OPERAÇÃO, TAIS COMO SERVIÇO DE ALMOXARIFADO, DE ESCRITÓRIO, DE LABORATÓRIO DE INSPEÇÃO DE SEGURANÇA, DE CONFERÊNCIA DE ESTOQUE, DE AMBULATÓRIO MÉDICO, DE ENGENHARIA, DE OFICINAS EM GERAL, DE CALDEIRAS, DE MECÂNICA, DE ELETRICIDADE, DE SOLDAGEM, DE ENCHIMENTO, FECHAMENTO E ARRUMAÇÃO DE QUAISQUER VASILHAMES COM SUBSTÂNCIAS CONSIDERADAS INFLAMÁVEIS, DESDE QUE ESSAS ATIVIDADES SEJAM EXECUTADAS DENTRO DE ÁREAS CONSIDERADAS PERIGOSAS, AD REFERENDUM DO MINISTÉRIO DO TRABALHO.
INFLAMAVEL;ATIVIDADES E OPERAÇÕES PERIGOSAS COM INFLAMÁVEIS;2.2.II. SERVIÇOS DE OPERAÇÃO E MANUTENÇÃO DE EMBARCAÇÕES, VAGÕES-TANQUES, CAMINHÕES-TANQUES E VASILHAMES DE INFLAMÁVEIS GASOSOS LIQUEFEITOS;A. ATIVIDADES DE INSPEÇÃO NOS PONTOS DE VAZAMENTO EVENTUAL NO SISTEMA DE DEPÓSITO DE DISTRIBUIÇÃO E DE MEDIÇÃO DE TANQUES PELOS PROCESSOS DE ESCAPAMENTO DIRETO
INFLAMAVEL;ATIVIDADES E OPERAÇÕES PERIGOSAS COM INFLAMÁVEIS;2.2.II. SERVIÇOS DE OPERAÇÃO E MANUTENÇÃO DE EMBARCAÇÕES, VAGÕES-TANQUES, CAMINHÕES-TANQUES E VASILHAMES DE INFLAMÁVEIS GASOSOS LIQUEFEITOS;B. SERVIÇOS DE SUPERINTENDÊNCIA
INFLAMAVEL;ATIVIDADES E OPERAÇÕES PERIGOSAS COM INFLAMÁVEIS;2.2.II. SERVIÇOS DE OPERAÇÃO E MANUTENÇÃO DE EMBARCAÇÕES, VAGÕES-TANQUES, CAMINHÕES-TANQUES E VASILHAMES DE INFLAMÁVEIS GASOSOS LIQUEFEITOS;C. ATIVIDADES DE MANUTENÇÃO DAS INSTALAÇÕES DA FROTA DE CAMINHÕES-TANQUES, EXECUTADAS DENTRO DA ÁREA E EM TORNO DOS PONTOS DE ESCAPAMENTO NORMAIS OU EVENTUAIS
INFLAMAVEL;ATIVIDADES E OPERAÇÕES PERIGOSAS COM INFLAMÁVEIS;2.2.II. SERVIÇOS DE OPERAÇÃO E MANUTENÇÃO DE EMBARCAÇÕES, VAGÕES-TANQUES, CAMINHÕES-TANQUES E VASILHAMES DE INFLAMÁVEIS GASOSOS LIQUEFEITOS;D. ATIVIDADES DE DECANTAÇÃO, DESGASEIFICAÇÃO, LAVAGEM, REPAROS, PINTURAS E AREAÇÃO DE TANQUES, CILINDROS E BOTIJÕES CHEIOS DE GLP
INFLAMAVEL;ATIVIDADES E OPERAÇÕES PERIGOSAS COM INFLAMÁVEIS;2.2.II. SERVIÇOS DE OPERAÇÃO E MANUTENÇÃO DE EMBARCAÇÕES, VAGÕES-TANQUES, CAMINHÕES-TANQUES E VASILHAMES DE INFLAMÁVEIS GASOSOS LIQUEFEITOS;E. QUAISQUER OUTRAS ATIVIDADES DE MANUTENÇÃO OU OPERAÇÕES, EXECUTADAS DENTRO DAS ÁREAS CONSIDERADAS PERIGOSAS PELO MINISTÉRIO DO TRABALHO.
INFLAMAVEL;ATIVIDADES E OPERAÇÕES PERIGOSAS COM INFLAMÁVEIS;2.2.III. ARMAZENAGEM DE INFLAMÁVEIS LÍQUIDOS, EM TANQUES OU VASILHAMES;A. QUAISQUER ATIVIDADES EXECUTADAS DENTRO DA BACIA DE SEGURANÇA DOS TANQUES
INFLAMAVEL;ATIVIDADES E OPERAÇÕES PERIGOSAS COM INFLAMÁVEIS;2.2.III. ARMAZENAGEM DE INFLAMÁVEIS LÍQUIDOS, EM TANQUES OU VASILHAMES;B. ARRUMAÇÃO DE TAMBORES OU LATAS OU QUAISQUER OUTRAS ATIVIDADES EXECUTADAS DENTRO DO PRÉDIO DE ARMAZENAMENTO DE INFLAMÁVEIS OU EM RECINTOS ABERTOS E COM VASILHAMES CHEIOS INFLAMÁVEIS OU NÃO-DESGASEIFICADOS OU DECANTADOS.
INFLAMAVEL;ATIVIDADES E OPERAÇÕES PERIGOSAS COM INFLAMÁVEIS;2.2.IV. ARMAZENAGEM DE INFLAMÁVEIS GASOSOS LIQUEFEITOS, EM TANQUES OU VASILHAMES;A. ARRUMAÇÃO DE VASILHAMES OU QUAISQUER OUTRAS ATIVIDADES EXECUTADAS DENTRO DO PRÉDIO DE ARMAZENAMENTO DE INFLAMÁVEIS OU EM RECINTOS ABERTOS E COM VASILHAMES CHEIOS DE INFLAMÁVEIS OU VAZIOS NÃO DESGASEIFICADOS OU DECANTADOS.
INFLAMAVEL;ATIVIDADES E OPERAÇÕES PERIGOSAS COM INFLAMÁVEIS;2.2.V. OPERAÇÕES EM POSTOS DE SERVIÇO E BOMBAS DE ABASTECIMENTO DE INFLAMÁVEIS LÍQUIDOS;A. ATIVIDADES LIGADAS DIRETAMENTE AO ABASTECIMENTO DE VIATURAS COM MOTOR DE EXPLOSÃO.
INFLAMAVEL;ATIVIDADES E OPERAÇÕES PERIGOSAS COM INFLAMÁVEIS;2.2.VI. OUTRAS ATIVIDADES, TAIS COMO MANUTENÇÃO, LUBRIFICAÇÃO, LAVAGEM DE VIATURAS, MECÂNICA, ELETRICIDADE, ESCRITÓRIO DE VENDAS E GERÊNCIA, AD REFERENDUM DO MINISTÉRIO DO TRABALHO.;2.VI. OUTRAS ATIVIDADES, TAIS COMO MANUTENÇÃO, LUBRIFICAÇÃO, LAVAGEM DE VIATURAS, MECÂNICA, ELETRICIDADE, ESCRITÓRIO DE VENDAS E GERÊNCIA, AD REFERENDUM DO MINISTÉRIO DO TRABALHO.
INFLAMAVEL;ATIVIDADES E OPERAÇÕES PERIGOSAS COM INFLAMÁVEIS;2.2.VII. ENCHIMENTO DE QUAISQUER VASILHAMES (TAMBORES, LATAS), COM INFLAMÁVEIS LÍQUIDOS;A. ATIVIDADES DE ENCHIMENTO, FECHAMENTO E ARRUMAÇÃO DE LATAS OU CAIXAS COM LATAS.
INFLAMAVEL;ATIVIDADES E OPERAÇÕES PERIGOSAS COM INFLAMÁVEIS;2.2.VIII. ENCHIMENTO DE QUAISQUER VASILHAMES (CILINDROS, BOTIJÕES) COM INFLAMÁVEIS GASOSOS LIQUEFEITOS;A. ATIVIDADES DE ENCHIMENTO, PESAGEM, INSPEÇÃO, ESTIVA E ARRUMAÇÃO DE CILINDROS OU BOTIJÕES CHEIOS DE GLP
INFLAMAVEL;ATIVIDADES E OPERAÇÕES PERIGOSAS COM INFLAMÁVEIS;2.2.VIII. ENCHIMENTO DE QUAISQUER VASILHAMES (CILINDROS, BOTIJÕES) COM INFLAMÁVEIS GASOSOS LIQUEFEITOS;B. OUTRAS ATIVIDADES EXECUTADAS DENTRO DA ÁREA CONSIDERADA PERIGOSA, AD REFERENDUM DO MINISTÉRIO DO TRABALHO.
INFLAMAVEL;ATIVIDADES E OPERAÇÕES PERIGOSAS COM INFLAMÁVEIS;2.3. ÁREAS DE RISCO;A. POÇOS DE PETRÓLEO EM PRODUÇÃO DE GÁS.
INFLAMAVEL;ATIVIDADES E OPERAÇÕES PERIGOSAS COM INFLAMÁVEIS;2.3. ÁREAS DE RISCO;B. UNIDADE DE PROCESSAMENTO DAS REFINARIAS.
INFLAMAVEL;ATIVIDADES E OPERAÇÕES PERIGOSAS COM INFLAMÁVEIS;2.3. ÁREAS DE RISCO;C. OUTROS LOCAIS DE REFINARIA ONDE SE REALIZAM OPERAÇÕES COM INFLAMÁVEIS EM ESTADO DE VOLATILIZAÇÃO OU POSSIBILIDADE DE VOLATILIZAÇÃO DECORRENTE DE FALHA OU DEFEITO DOS SISTEMAS DE SEGURANÇA E FECHAMENTO DAS VÁLVULAS.
INFLAMAVEL;ATIVIDADES E OPERAÇÕES PERIGOSAS COM INFLAMÁVEIS;2.3. ÁREAS DE RISCO;D. TANQUES DE INFLAMÁVEIS LÍQUIDOS
INFLAMAVEL;ATIVIDADES E OPERAÇÕES PERIGOSAS COM INFLAMÁVEIS;2.3. ÁREAS DE RISCO;E. TANQUES ELEVADOS DE INFLAMÁVEIS GASOSOS
INFLAMAVEL;ATIVIDADES E OPERAÇÕES PERIGOSAS COM INFLAMÁVEIS;2.3. ÁREAS DE RISCO;F. CARGA E DESCARGA DE INFLAMÁVEIS LÍQUIDOS CONTIDOS EM NAVIOS, CHATAS E BATELÕES.
INFLAMAVEL;ATIVIDADES E OPERAÇÕES PERIGOSAS COM INFLAMÁVEIS;2.3. ÁREAS DE RISCO;G. ABASTECIMENTO DE AERONAVES.
INFLAMAVEL;ATIVIDADES E OPERAÇÕES PERIGOSAS COM INFLAMÁVEIS;2.3. ÁREAS DE RISCO;H. ENCHIMENTO DE VAGÕES-TANQUES E CAMINHÕES-TANQUES COM INFLAMÁVEIS LÍQUIDOS.
INFLAMAVEL;ATIVIDADES E OPERAÇÕES PERIGOSAS COM INFLAMÁVEIS;2.3. ÁREAS DE RISCO;I. ENCHIMENTO DE VAGÕES-TANQUES E CAMINHÕES-TANQUES INFLAMÁVEIS GASOSOS LIQUEFEITOS.
INFLAMAVEL;ATIVIDADES E OPERAÇÕES PERIGOSAS COM INFLAMÁVEIS;2.3. ÁREAS DE RISCO;J. ENCHIMENTO DE VASILHAMES COM INFLAMÁVEIS GASOSOS LIQUEFEITOS.
INFLAMAVEL;ATIVIDADES E OPERAÇÕES PERIGOSAS COM INFLAMÁVEIS;2.3. ÁREAS DE RISCO;L. ENCHIMENTO DE VASILHAMES COM INFLAMÁVEIS LÍQUIDOS, EM LOCAIS ABERTOS.
INFLAMAVEL;ATIVIDADES E OPERAÇÕES PERIGOSAS COM INFLAMÁVEIS;2.3. ÁREAS DE RISCO;M. ENCHIMENTO DE VASILHAMES COM INFLAMÁVEIS LÍQUIDOS, EM RECINTO FECHADO.
INFLAMAVEL;ATIVIDADES E OPERAÇÕES PERIGOSAS COM INFLAMÁVEIS;2.3. ÁREAS DE RISCO;N. MANUTENÇÃO DE VIATURAS-TANQUES, BOMBAS E VASILHAMES QUE CONTINHAM INFLAMÁVEL LÍQUIDO.
INFLAMAVEL;ATIVIDADES E OPERAÇÕES PERIGOSAS COM INFLAMÁVEIS;2.3. ÁREAS DE RISCO;O. DESGASEIFICAÇÃO, DECANTAÇÃO E REPAROS DE VASILHAMES NÃO DESGASEIFICADOS OU DECANTADOS, UTILIZADOS NO TRANSPORTE DE INFLAMÁVEIS.
INFLAMAVEL;ATIVIDADES E OPERAÇÕES PERIGOSAS COM INFLAMÁVEIS;2.3. ÁREAS DE RISCO;P. TESTES EM APARELHOS DE CONSUMO DE GÁS E SEUS EQUIPAMENTOS.
INFLAMAVEL;ATIVIDADES E OPERAÇÕES PERIGOSAS COM INFLAMÁVEIS;2.3. ÁREAS DE RISCO;Q. ABASTECIMENTO DE INFLAMÁVEIS.
INFLAMAVEL;ATIVIDADES E OPERAÇÕES PERIGOSAS COM INFLAMÁVEIS;2.3. ÁREAS DE RISCO;R. ARMAZENAMENTO DE VASILHAMES QUE CONTENHAM INFLAMÁVEIS LÍQUIDOS OU VAZIOS NÃO DESGASEIFICADOS OU DECANTADOS, EM LOCAIS ABERTOS.
INFLAMAVEL;ATIVIDADES E OPERAÇÕES PERIGOSAS COM INFLAMÁVEIS;2.3. ÁREAS DE RISCO;S. ARMAZENAMENTO DE VASILHAMES QUE CONTENHAM INFLAMÁVEIS LÍQUIDOS OU VAZIOS NÃO DESGASEIFICADOS, OU DECANTADOS, EM RECINTO FECHADO.
INFLAMAVEL;ATIVIDADES E OPERAÇÕES PERIGOSAS COM INFLAMÁVEIS;2.3. ÁREAS DE RISCO;T. CARGA E DESCARGA DE VASILHAMES CONTENDO INFLAMÁVEIS LÍQUIDOS OU VASILHAMES VAZIOS NÃO DESGASEIFICADOS OU DECANTADOS, TRANSPORTADOS PÔR NAVIOS, CHATAS OU BATELÕES.
ELETRICIDADE;ATIVIDADES PERIGOSAS COM ENERGIA ELÉTRICA;4. ATIVIDADES DE RISCO;A. QUE EXECUTAM ATIVIDADES OU OPERAÇÕES EM INSTALAÇÕES OU EQUIPAMENTOS ELÉTRICOS ENERGIZADOS EM ALTA TENSÃO
ELETRICIDADE;ATIVIDADES PERIGOSAS COM ENERGIA ELÉTRICA;4. ATIVIDADES DE RISCO;B. QUE REALIZAM ATIVIDADES OU OPERAÇÕES COM TRABALHO EM PROXIMIDADE, CONFORME ESTABELECE A NR-10
ELETRICIDADE;ATIVIDADES PERIGOSAS COM ENERGIA ELÉTRICA;4. ATIVIDADES DE RISCO;C. QUE REALIZAM ATIVIDADES OU OPERAÇÕES EM INSTALAÇÕES OU EQUIPAMENTOS ELÉTRICOS ENERGIZADOS EM BAIXA TENSÃO NO SISTEMA ELÉTRICO DE CONSUMO - SEC, NO CASO DE DESCUMPRIMENTO DO ITEM 10.2.8 E SEUS SUBITENS DA NR10 - SEGURANÇA EM INSTALAÇÕES E SERVIÇOS EM ELETRICIDADE
ELETRICIDADE;ATIVIDADES PERIGOSAS COM ENERGIA ELÉTRICA;4. ATIVIDADES DE RISCO;D. DAS EMPRESAS QUE OPERAM EM INSTALAÇÕES OU EQUIPAMENTOS INTEGRANTES DO SISTEMA ELÉTRICO DE POTÊNCIA - SEP, BEM COMO SUAS CONTRATADAS, EM CONFORMIDADE COM AS ATIVIDADES E RESPECTIVAS ÁREAS DE RISCO DESCRITAS NO QUADRO I DESTE ANEXO.
ELETRICIDADE;ATIVIDADES PERIGOSAS COM ENERGIA ELÉTRICA;4.1. ATIVIDADES DE CONSTRUÇÃO, OPERAÇÃO E MANUTENÇÃO DE REDES DE LINHAS AÉREAS OU SUBTERRÂNEAS DE ALTA E BAIXA TENSÃO INTEGRANTES DO SEP;A. MONTAGEM, INSTALAÇÃO, SUBSTITUIÇÃO, CONSERVAÇÃO, REPAROS, ENSAIOS E TESTES DE VERIFICAÇÃO, INSPEÇÃO, LEVANTAMENTO, SUPERVISÃO E FISCALIZAÇÃO FUSÍVEIS, CONDUTORES, PARA-RAIOS, POSTES, TORRES, CHAVES, MUFLAS, ISOLADORES, TRANSFORMADORES, CAPACITORES, MEDIDORES, REGULADORES DE TENSÃO, RELIGADORES, SECCIONALIZADORES, CARRIER (ONDA PORTADORA VIA LINHAS DE TRANSMISSÃO), CRUZETAS, RELÉ E BRAÇO DE ILUMINAÇÃO PÚBLICA, APARELHO DE MEDIÇÃO GRÁFICA, BASES DE CONCRETO OU ALVENARIA DE TORRES, POSTES E ESTRUTURA DE SUSTENTAÇÃO DE REDES E LINHAS AÉREAS E DEMAIS COMPONENTES DAS REDES AÉREAS
ELETRICIDADE;ATIVIDADES PERIGOSAS COM ENERGIA ELÉTRICA;4.1. ATIVIDADES DE CONSTRUÇÃO, OPERAÇÃO E MANUTENÇÃO DE REDES DE LINHAS AÉREAS OU SUBTERRÂNEAS DE ALTA E BAIXA TENSÃO INTEGRANTES DO SEP;B. CORTE E PODA DE ÁRVORES
ELETRICIDADE;ATIVIDADES PERIGOSAS COM ENERGIA ELÉTRICA;4.1. ATIVIDADES DE CONSTRUÇÃO, OPERAÇÃO E MANUTENÇÃO DE REDES DE LINHAS AÉREAS OU SUBTERRÂNEAS DE ALTA E BAIXA TENSÃO INTEGRANTES DO SEP;C. LIGAÇÕES E CORTES DE CONSUMIDORES
ELETRICIDADE;ATIVIDADES PERIGOSAS COM ENERGIA ELÉTRICA;4.1. ATIVIDADES DE CONSTRUÇÃO, OPERAÇÃO E MANUTENÇÃO DE REDES DE LINHAS AÉREAS OU SUBTERRÂNEAS DE ALTA E BAIXA TENSÃO INTEGRANTES DO SEP;D. MANOBRAS AÉREAS E SUBTERRÂNEAS DE REDES E LINHAS
ELETRICIDADE;ATIVIDADES PERIGOSAS COM ENERGIA ELÉTRICA;4.1. ATIVIDADES DE CONSTRUÇÃO, OPERAÇÃO E MANUTENÇÃO DE REDES DE LINHAS AÉREAS OU SUBTERRÂNEAS DE ALTA E BAIXA TENSÃO INTEGRANTES DO SEP;E. MANOBRAS EM SUBESTAÇÃO
ELETRICIDADE;ATIVIDADES PERIGOSAS COM ENERGIA ELÉTRICA;4.1. ATIVIDADES DE CONSTRUÇÃO, OPERAÇÃO E MANUTENÇÃO DE REDES DE LINHAS AÉREAS OU SUBTERRÂNEAS DE ALTA E BAIXA TENSÃO INTEGRANTES DO SEP;F. TESTES DE CURTO EM LINHAS DE TRANSMISSÃO
ELETRICIDADE;ATIVIDADES PERIGOSAS COM ENERGIA ELÉTRICA;4.1. ATIVIDADES DE CONSTRUÇÃO, OPERAÇÃO E MANUTENÇÃO DE REDES DE LINHAS AÉREAS OU SUBTERRÂNEAS DE ALTA E BAIXA TENSÃO INTEGRANTES DO SEP;G. MANUTENÇÃO DE FONTES DE ALIMENTAÇÃO DE SISTEMAS DE COMUNICAÇÃO
ELETRICIDADE;ATIVIDADES PERIGOSAS COM ENERGIA ELÉTRICA;4.1. ATIVIDADES DE CONSTRUÇÃO, OPERAÇÃO E MANUTENÇÃO DE REDES DE LINHAS AÉREAS OU SUBTERRÂNEAS DE ALTA E BAIXA TENSÃO INTEGRANTES DO SEP;H. LEITURA EM CONSUMIDORES DE ALTA TENSÃO
ELETRICIDADE;ATIVIDADES PERIGOSAS COM ENERGIA ELÉTRICA;4.1. ATIVIDADES DE CONSTRUÇÃO, OPERAÇÃO E MANUTENÇÃO DE REDES DE LINHAS AÉREAS OU SUBTERRÂNEAS DE ALTA E BAIXA TENSÃO INTEGRANTES DO SEP;I. AFERIÇÃO EM EQUIPAMENTOS DE MEDIÇÃO
ELETRICIDADE;ATIVIDADES PERIGOSAS COM ENERGIA ELÉTRICA;4.1. ATIVIDADES DE CONSTRUÇÃO, OPERAÇÃO E MANUTENÇÃO DE REDES DE LINHAS AÉREAS OU SUBTERRÂNEAS DE ALTA E BAIXA TENSÃO INTEGRANTES DO SEP;J. MEDIDAS DE RESISTÊNCIAS, LANÇAMENTO E INSTALAÇÃO DE CABO CONTRA-PESO
ELETRICIDADE;ATIVIDADES PERIGOSAS COM ENERGIA ELÉTRICA;4.1. ATIVIDADES DE CONSTRUÇÃO, OPERAÇÃO E MANUTENÇÃO DE REDES DE LINHAS AÉREAS OU SUBTERRÂNEAS DE ALTA E BAIXA TENSÃO INTEGRANTES DO SEP;K. MEDIDAS DE CAMPO ELETROMAGNÉTICO, RÁDIO, INTERFERÊNCIA E CORRENTES INDUZIDAS
ELETRICIDADE;ATIVIDADES PERIGOSAS COM ENERGIA ELÉTRICA;4.1. ATIVIDADES DE CONSTRUÇÃO, OPERAÇÃO E MANUTENÇÃO DE REDES DE LINHAS AÉREAS OU SUBTERRÂNEAS DE ALTA E BAIXA TENSÃO INTEGRANTES DO SEP;L. TESTES ELÉTRICOS EM INSTALAÇÕES DE TERCEIROS EM FAIXAS DE LINHAS DE TRANSMISSÃO (OLEODUTOS, GASODUTOS ETC)
ELETRICIDADE;ATIVIDADES PERIGOSAS COM ENERGIA ELÉTRICA;4.1. ATIVIDADES DE CONSTRUÇÃO, OPERAÇÃO E MANUTENÇÃO DE REDES DE LINHAS AÉREAS OU SUBTERRÂNEAS DE ALTA E BAIXA TENSÃO INTEGRANTES DO SEP;M. PINTURA DE ESTRUTURAS E EQUIPAMENTOS
ELETRICIDADE;ATIVIDADES PERIGOSAS COM ENERGIA ELÉTRICA;4.1. ATIVIDADES DE CONSTRUÇÃO, OPERAÇÃO E MANUTENÇÃO DE REDES DE LINHAS AÉREAS OU SUBTERRÂNEAS DE ALTA E BAIXA TENSÃO INTEGRANTES DO SEP;N. VERIFICAÇÃO, INSPEÇÃO, INCLUSIVE AÉREA, FISCALIZAÇÃO, LEVANTAMENTO DE DADOS E SUPERVISÃO DE SERVIÇOS TÉCNICOS
ELETRICIDADE;ATIVIDADES PERIGOSAS COM ENERGIA ELÉTRICA;4.1. ATIVIDADES DE CONSTRUÇÃO, OPERAÇÃO E MANUTENÇÃO DE REDES DE LINHAS AÉREAS OU SUBTERRÂNEAS DE ALTA E BAIXA TENSÃO INTEGRANTES DO SEP;O. MONTAGEM, INSTALAÇÃO, SUBSTITUIÇÃO, MANUTENÇÃO E REPAROS DE BARRAMENTOS, TRANSFORMADORES, DISJUNTORES, CHAVES E SECCIONADORAS, CONDENSADORES, CHAVES A ÓLEO, TRANSFORMADORES PARA INSTRUMENTOS, CABOS SUBTERRÂNEOS E SUBAQUÁTICOS, PAINÉIS, CIRCUITOS ELÉTRICOS, CONTATOS, MUFLAS E ISOLADORES E DEMAIS COMPONENTES DE REDES SUBTERRÂNEAS
ELETRICIDADE;ATIVIDADES PERIGOSAS COM ENERGIA ELÉTRICA;4.1. ATIVIDADES DE CONSTRUÇÃO, OPERAÇÃO E MANUTENÇÃO DE REDES DE LINHAS AÉREAS OU SUBTERRÂNEAS DE ALTA E BAIXA TENSÃO INTEGRANTES DO SEP;P. CONSTRUÇÃO CIVIL, INSTALAÇÃO, SUBSTITUIÇÃO E LIMPEZA DE VALAS, BANCOS DE DUTOS, DUTOS, CONDUTOS, CANALETAS, GALERIAS, TÚNEIS, CAIXAS OU POÇOS DE INSPEÇÃO, CÂMARAS
ELETRICIDADE;ATIVIDADES PERIGOSAS COM ENERGIA ELÉTRICA;4.1. ATIVIDADES DE CONSTRUÇÃO, OPERAÇÃO E MANUTENÇÃO DE REDES DE LINHAS AÉREAS OU SUBTERRÂNEAS DE ALTA E BAIXA TENSÃO INTEGRANTES DO SEP;Q. MEDIÇÃO, VERIFICAÇÃO, ENSAIOS, TESTES, INSPEÇÃO, FISCALIZAÇÃO, LEVANTAMENTO DE DADOS E SUPERVISÕES DE SERVIÇOS TÉCNICOS.
ELETRICIDADE;ATIVIDADES PERIGOSAS COM ENERGIA ELÉTRICA;4.2. ATIVIDADES DE CONSTRUÇÃO, OPERAÇÃO E MANUTENÇÃO NAS USINAS, UNIDADES GERADORAS, SUBESTAÇÕES E CABINAS DE DISTRIBUIÇÃO EM OPERAÇÕES, INTEGRANTES DO SEP;A. MONTAGEM, DESMONTAGEM, OPERAÇÃO E CONSERVAÇÃO DE MEDIDORES, RELÉS, CHAVES, DISJUNTORES E RELIGADORAS, CAIXAS DE CONTROLE, CABOS DE FORÇA, CABOS DE CONTROLE, BARRAMENTOS, BATERIAS E CARREGADORES, TRANSFORMADORES, SISTEMAS ANTI-INCÊNDIO E DE RESFRIAMENTO, BANCOS DE CAPACITORES, REATORES, REGULADORES, EQUIPAMENTOS ELETRÔNICOS, ELETROMECÂNICO E ELETROELETRÔNICOS, PAINÉIS, PARA-RAIOS, ÁREAS DE CIRCULAÇÃO, ESTRUTURAS-SUPORTE E DEMAIS INSTALAÇÕES E EQUIPAMENTOS ELÉTRICOS
ELETRICIDADE;ATIVIDADES PERIGOSAS COM ENERGIA ELÉTRICA;4.2. ATIVIDADES DE CONSTRUÇÃO, OPERAÇÃO E MANUTENÇÃO NAS USINAS, UNIDADES GERADORAS, SUBESTAÇÕES E CABINAS DE DISTRIBUIÇÃO EM OPERAÇÕES, INTEGRANTES DO SEP;B. CONSTRUÇÃO DE VALAS DE DUTOS, CANALETAS, BASES DE EQUIPAMENTOS, ESTRUTURAS, CONDUTOS E DEMAIS INSTALAÇÕES
ELETRICIDADE;ATIVIDADES PERIGOSAS COM ENERGIA ELÉTRICA;4.2. ATIVIDADES DE CONSTRUÇÃO, OPERAÇÃO E MANUTENÇÃO NAS USINAS, UNIDADES GERADORAS, SUBESTAÇÕES E CABINAS DE DISTRIBUIÇÃO EM OPERAÇÕES, INTEGRANTES DO SEP;C. SERVIÇOS DE LIMPEZA, PINTURA E SINALIZAÇÃO DE INSTALAÇÕES E EQUIPAMENTOS ELÉTRICOS
ELETRICIDADE;ATIVIDADES PERIGOSAS COM ENERGIA ELÉTRICA;4.2. ATIVIDADES DE CONSTRUÇÃO, OPERAÇÃO E MANUTENÇÃO NAS USINAS, UNIDADES GERADORAS, SUBESTAÇÕES E CABINAS DE DISTRIBUIÇÃO EM OPERAÇÕES, INTEGRANTES DO SEP;D. ENSAIOS, TESTES, MEDIÇÕES, SUPERVISÃO, FISCALIZAÇÕES E LEVANTAMENTOS DE CIRCUITOS E EQUIPAMENTOS ELÉTRICOS, ELETRÔNICOS DE TELECOMUNICAÇÕES E TELECONTROLE.
RADIACAO;ATIVIDADES E OPERAÇÕES PERIGOSAS COM RADIAÇÕES IONIZANTES OU SUBSTÂNCIAS RADIOTIVAS;1. PRODUÇÃO, UTILIZAÇÃO, PROCESSAMENTO, TRANSPORTE, GUARDA, ESTOCAGEM E MANUSEIO DE MATERIAIS RADIOATIVOS, SELADOS E NÃO SELADOS, DE ESTADO FÍSICO E FORMA QUÍMICA QUAISQUER, NATURAIS OU ARTIFICIAIS, INCLUINDO;1.1. PROSPECÇÃO, MINERAÇÃO, OPERAÇÃO, BENEFICIAMENTO E PROCESSAMENTO DE MINERAIS RADIOATIVOS
RADIACAO;ATIVIDADES E OPERAÇÕES PERIGOSAS COM RADIAÇÕES IONIZANTES OU SUBSTÂNCIAS RADIOTIVAS;1. PRODUÇÃO, UTILIZAÇÃO, PROCESSAMENTO, TRANSPORTE, GUARDA, ESTOCAGEM E MANUSEIO DE MATERIAIS RADIOATIVOS, SELADOS E NÃO SELADOS, DE ESTADO FÍSICO E FORMA QUÍMICA QUAISQUER, NATURAIS OU ARTIFICIAIS, INCLUINDO;1.2. PRODUÇÃO, TRANSFORMAÇÃO E TRATAMENTO DE MATERIAIS NUCLEARES PARA O CICLO DO COMBUSTÍVEL NUCLEAR.
RADIACAO;ATIVIDADES E OPERAÇÕES PERIGOSAS COM RADIAÇÕES IONIZANTES OU SUBSTÂNCIAS RADIOTIVAS;1. PRODUÇÃO, UTILIZAÇÃO, PROCESSAMENTO, TRANSPORTE, GUARDA, ESTOCAGEM E MANUSEIO DE MATERIAIS RADIOATIVOS, SELADOS E NÃO SELADOS, DE ESTADO FÍSICO E FORMA QUÍMICA QUAISQUER, NATURAIS OU ARTIFICIAIS, INCLUINDO;1.3. PRODUÇÃO DE RADIOISÓTOPOS PARA USO EM MEDICINA, AGRICULTURA, AGROPECUÁRIA, PESQUISA CIENTÍFICA E TECNOLÓGICA.
RADIACAO;ATIVIDADES E OPERAÇÕES PERIGOSAS COM RADIAÇÕES IONIZANTES OU SUBSTÂNCIAS RADIOTIVAS;1. PRODUÇÃO, UTILIZAÇÃO, PROCESSAMENTO, TRANSPORTE, GUARDA, ESTOCAGEM E MANUSEIO DE MATERIAIS RADIOATIVOS, SELADOS E NÃO SELADOS, DE ESTADO FÍSICO E FORMA QUÍMICA QUAISQUER, NATURAIS OU ARTIFICIAIS, INCLUINDO;1.4. PRODUÇÃO DE FONTES RADIOATIVAS.
RADIACAO;ATIVIDADES E OPERAÇÕES PERIGOSAS COM RADIAÇÕES IONIZANTES OU SUBSTÂNCIAS RADIOTIVAS;1. PRODUÇÃO, UTILIZAÇÃO, PROCESSAMENTO, TRANSPORTE, GUARDA, ESTOCAGEM E MANUSEIO DE MATERIAIS RADIOATIVOS, SELADOS E NÃO SELADOS, DE ESTADO FÍSICO E FORMA QUÍMICA QUAISQUER, NATURAIS OU ARTIFICIAIS, INCLUINDO;1.5. TESTES, ENSAIOS E CALIBRAÇÃO DE DETECTORES E MONITORES DE RADIAÇÃO COM FONTES DE RADIAÇÃO.
RADIACAO;ATIVIDADES E OPERAÇÕES PERIGOSAS COM RADIAÇÕES IONIZANTES OU SUBSTÂNCIAS RADIOTIVAS;1. PRODUÇÃO, UTILIZAÇÃO, PROCESSAMENTO, TRANSPORTE, GUARDA, ESTOCAGEM E MANUSEIO DE MATERIAIS RADIOATIVOS, SELADOS E NÃO SELADOS, DE ESTADO FÍSICO E FORMA QUÍMICA QUAISQUER, NATURAIS OU ARTIFICIAIS, INCLUINDO;1.6. DESCONTAMINAÇÃO DE SUPERFÍCIES, INSTRUMENTOS, MÁQUINAS, FERRAMENTAS, UTENSÍLIOS DE LABORATÓRIO, VESTIMENTAS E DE QUAISQUER OUTRAS ÁREAS OU BENS DURÁVEIS CONTAMINADOS COM MATERIAL RADIOATIVOS.
RADIACAO;ATIVIDADES E OPERAÇÕES PERIGOSAS COM RADIAÇÕES IONIZANTES OU SUBSTÂNCIAS RADIOTIVAS;1. PRODUÇÃO, UTILIZAÇÃO, PROCESSAMENTO, TRANSPORTE, GUARDA, ESTOCAGEM E MANUSEIO DE MATERIAIS RADIOATIVOS, SELADOS E NÃO SELADOS, DE ESTADO FÍSICO E FORMA QUÍMICA QUAISQUER, NATURAIS OU ARTIFICIAIS, INCLUINDO;1.7. SEPARAÇÃO ISOTÓPICA E PROCESSAMENTO RADIOQUÍMICO.
RADIACAO;ATIVIDADES E OPERAÇÕES PERIGOSAS COM RADIAÇÕES IONIZANTES OU SUBSTÂNCIAS RADIOTIVAS;1. PRODUÇÃO, UTILIZAÇÃO, PROCESSAMENTO, TRANSPORTE, GUARDA, ESTOCAGEM E MANUSEIO DE MATERIAIS RADIOATIVOS, SELADOS E NÃO SELADOS, DE ESTADO FÍSICO E FORMA QUÍMICA QUAISQUER, NATURAIS OU ARTIFICIAIS, INCLUINDO;1.8. MANUSEIO, CONDICIONAMENTO, LIBERAÇÃO, MONITORAÇÃO, ESTABILIZAÇÃO, INSPEÇÃO, RETENÇÃO E DEPOSIÇÃO DE REJEITOS RADIOATIVOS.
RADIACAO;ATIVIDADES E OPERAÇÕES PERIGOSAS COM RADIAÇÕES IONIZANTES OU SUBSTÂNCIAS RADIOTIVAS;2. ATIVIDADES DE OPERAÇÃO E MANUTENÇÃO DE REATORES NUCLEARES, INCLUINDO;2.1. MONTAGEM, INSTALAÇÃO, SUBSTITUIÇÃO E INSPEÇÃO DE ELEMENTOS COMBUSTÍVEIS.
RADIACAO;ATIVIDADES E OPERAÇÕES PERIGOSAS COM RADIAÇÕES IONIZANTES OU SUBSTÂNCIAS RADIOTIVAS;2. ATIVIDADES DE OPERAÇÃO E MANUTENÇÃO DE REATORES NUCLEARES, INCLUINDO;2.2. MANUTENÇÃO DE COMPONENTES INTEGRANTES DO REATOR E DOS SISTEMAS HIDRÁULICOS MECÂNICOS E ELÉTRICOS, IRRADIADOS, CONTAMINADOS OU SITUADOS EM ÁREAS DE RADIAÇÃO.
RADIACAO;ATIVIDADES E OPERAÇÕES PERIGOSAS COM RADIAÇÕES IONIZANTES OU SUBSTÂNCIAS RADIOTIVAS;2. ATIVIDADES DE OPERAÇÃO E MANUTENÇÃO DE REATORES NUCLEARES, INCLUINDO;2.3. MANUSEIO DE AMOSTRAS IRRADIADAS.
RADIACAO;ATIVIDADES E OPERAÇÕES PERIGOSAS COM RADIAÇÕES IONIZANTES OU SUBSTÂNCIAS RADIOTIVAS;2. ATIVIDADES DE OPERAÇÃO E MANUTENÇÃO DE REATORES NUCLEARES, INCLUINDO;2.4. EXPERIMENTOS UTILIZADOS CANAIS DE IRRADIAÇÃO.
RADIACAO;ATIVIDADES E OPERAÇÕES PERIGOSAS COM RADIAÇÕES IONIZANTES OU SUBSTÂNCIAS RADIOTIVAS;2. ATIVIDADES DE OPERAÇÃO E MANUTENÇÃO DE REATORES NUCLEARES, INCLUINDO;2.5 MEDIÇÃO DE RADIAÇÃO, LEVANTAMENTO DE DADOS RADIOLÓGICOS E NUCLEARES, ENSAIOS, TESTES, INSPEÇÕES, FISCALIZAÇÃO E SUPERVISÃO DE TRABALHOS TÉCNICOS.
RADIACAO;ATIVIDADES E OPERAÇÕES PERIGOSAS COM RADIAÇÕES IONIZANTES OU SUBSTÂNCIAS RADIOTIVAS;2. ATIVIDADES DE OPERAÇÃO E MANUTENÇÃO DE REATORES NUCLEARES, INCLUINDO;2.6 SEGREGAÇÃO, MANUSEIO, TRATAMENTO, ACONDICIONAMENTO E ARMAZENAMENTO DE REJEITOS RADIOATIVOS.
RADIACAO;ATIVIDADES E OPERAÇÕES PERIGOSAS COM RADIAÇÕES IONIZANTES OU SUBSTÂNCIAS RADIOTIVAS;3. ATIVIDADES DE OPERAÇÃO E MANUTENÇÃO DE ACELERADORES DE PARTÍCULAS, INCLUINDO;3.1. MONTAGEM, INSTALAÇÃO SUBSTITUIÇÃO E MANUTENÇÃO DE COMPONENTES IRRADIADOS OU CONTAMINADOS.
RADIACAO;ATIVIDADES E OPERAÇÕES PERIGOSAS COM RADIAÇÕES IONIZANTES OU SUBSTÂNCIAS RADIOTIVAS;3. ATIVIDADES DE OPERAÇÃO E MANUTENÇÃO DE ACELERADORES DE PARTÍCULAS, INCLUINDO;3.2. PROCESSAMENTO DE ALVOS IRRADIADOS.
RADIACAO;ATIVIDADES E OPERAÇÕES PERIGOSAS COM RADIAÇÕES IONIZANTES OU SUBSTÂNCIAS RADIOTIVAS;3. ATIVIDADES DE OPERAÇÃO E MANUTENÇÃO DE ACELERADORES DE PARTÍCULAS, INCLUINDO;3.3. EXPERIMENTOS COM FEIXES DE PARTÍCULAS.
RADIACAO;ATIVIDADES E OPERAÇÕES PERIGOSAS COM RADIAÇÕES IONIZANTES OU SUBSTÂNCIAS RADIOTIVAS;3. ATIVIDADES DE OPERAÇÃO E MANUTENÇÃO DE ACELERADORES DE PARTÍCULAS, INCLUINDO;3.4. MEDIÇÃO DE RADIAÇÃO, LEVANTAMENTO DE DADOS RADIOLÓGICOS E NUCLEARES, TESTES, INSPEÇÕES E SUPERVISÃO DE TRABALHOS TÉCNICOS.
RADIACAO;ATIVIDADES E OPERAÇÕES PERIGOSAS COM RADIAÇÕES IONIZANTES OU SUBSTÂNCIAS RADIOTIVAS;3. ATIVIDADES DE OPERAÇÃO E MANUTENÇÃO DE ACELERADORES DE PARTÍCULAS, INCLUINDO;3.5. SEGREGAÇÃO, MANUSEIO, TRATAMENTO, ACONDICIONAMENTO E ARMAZENAMENTO DE REJEITOS RADIOATIVOS.
RADIACAO;ATIVIDADES E OPERAÇÕES PERIGOSAS COM RADIAÇÕES IONIZANTES OU SUBSTÂNCIAS RADIOTIVAS;4. ATIVIDADES DE OPERAÇÃO COM APARELHOS DE RAIOS-X, COM IRRADIADORES DE RADIAÇÃO GAMA, RADIAÇÃO BETA OU RADIAÇÃO DE NÊUTRONS, INCLUINDO;4.1. DIAGNOSTICO MÉDICO E ODONTOLÓGICO.
RADIACAO;ATIVIDADES E OPERAÇÕES PERIGOSAS COM RADIAÇÕES IONIZANTES OU SUBSTÂNCIAS RADIOTIVAS;4. ATIVIDADES DE OPERAÇÃO COM APARELHOS DE RAIOS-X, COM IRRADIADORES DE RADIAÇÃO GAMA, RADIAÇÃO BETA OU RADIAÇÃO DE NÊUTRONS, INCLUINDO;4.2. RADIOTERAPIA.
RADIACAO;ATIVIDADES E OPERAÇÕES PERIGOSAS COM RADIAÇÕES IONIZANTES OU SUBSTÂNCIAS RADIOTIVAS;4. ATIVIDADES DE OPERAÇÃO COM APARELHOS DE RAIOS-X, COM IRRADIADORES DE RADIAÇÃO GAMA, RADIAÇÃO BETA OU RADIAÇÃO DE NÊUTRONS, INCLUINDO;4.3. RADIOGRAFIA INDUSTRIAL, GAMAGRAFIA E NEUTRONRADIOGRAFIA.
RADIACAO;ATIVIDADES E OPERAÇÕES PERIGOSAS COM RADIAÇÕES IONIZANTES OU SUBSTÂNCIAS RADIOTIVAS;4. ATIVIDADES DE OPERAÇÃO COM APARELHOS DE RAIOS-X, COM IRRADIADORES DE RADIAÇÃO GAMA, RADIAÇÃO BETA OU RADIAÇÃO DE NÊUTRONS, INCLUINDO;4.4. ANÁLISE DE MATERIAIS POR DIFRATOMETRIA.
RADIACAO;ATIVIDADES E OPERAÇÕES PERIGOSAS COM RADIAÇÕES IONIZANTES OU SUBSTÂNCIAS RADIOTIVAS;4. ATIVIDADES DE OPERAÇÃO COM APARELHOS DE RAIOS-X, COM IRRADIADORES DE RADIAÇÃO GAMA, RADIAÇÃO BETA OU RADIAÇÃO DE NÊUTRONS, INCLUINDO;4.5. TESTES ENSAIOS E CALIBRAÇÃO DE DETECTORES E MONITORES E RADIAÇÃO.
RADIACAO;ATIVIDADES E OPERAÇÕES PERIGOSAS COM RADIAÇÕES IONIZANTES OU SUBSTÂNCIAS RADIOTIVAS;4. ATIVIDADES DE OPERAÇÃO COM APARELHOS DE RAIOS-X, COM IRRADIADORES DE RADIAÇÃO GAMA, RADIAÇÃO BETA OU RADIAÇÃO DE NÊUTRONS, INCLUINDO;4.6. IRRADIAÇÃO DE ALIMENTOS.
RADIACAO;ATIVIDADES E OPERAÇÕES PERIGOSAS COM RADIAÇÕES IONIZANTES OU SUBSTÂNCIAS RADIOTIVAS;4. ATIVIDADES DE OPERAÇÃO COM APARELHOS DE RAIOS-X, COM IRRADIADORES DE RADIAÇÃO GAMA, RADIAÇÃO BETA OU RADIAÇÃO DE NÊUTRONS, INCLUINDO;4.7. ESTABILIZAÇÃO DE INSTRUMENTOS MÉDICOHOSPITALARES
RADIACAO;ATIVIDADES E OPERAÇÕES PERIGOSAS COM RADIAÇÕES IONIZANTES OU SUBSTÂNCIAS RADIOTIVAS;4. ATIVIDADES DE OPERAÇÃO COM APARELHOS DE RAIOS-X, COM IRRADIADORES DE RADIAÇÃO GAMA, RADIAÇÃO BETA OU RADIAÇÃO DE NÊUTRONS, INCLUINDO;4.8. IRRADIAÇÃO DE ESPÉCIMES MINERAIS E BIOLÓGICOS.
RADIACAO;ATIVIDADES E OPERAÇÕES PERIGOSAS COM RADIAÇÕES IONIZANTES OU SUBSTÂNCIAS RADIOTIVAS;4. ATIVIDADES DE OPERAÇÃO COM APARELHOS DE RAIOS-X, COM IRRADIADORES DE RADIAÇÃO GAMA, RADIAÇÃO BETA OU RADIAÇÃO DE NÊUTRONS, INCLUINDO;4.9. MEDIÇÃO DE RADIAÇÃO, LEVANTAMENTO DE DADOS RADIOLÓGICOS, ENSAIOS, TESTES, INSPEÇÕES, FISCALIZAÇÃO DE TRABALHOS TÉCNICOS.
RADIACAO;ATIVIDADES E OPERAÇÕES PERIGOSAS COM RADIAÇÕES IONIZANTES OU SUBSTÂNCIAS RADIOTIVAS;5. ATIVIDADES DE MEDICINA NUCLEAR.;5.1. MANUSEIO E APLICAÇÃO DE RADIOISÓTOPOS PARA DIAGNÓSTICO MÉDICO E TERAPIA.
RADIACAO;ATIVIDADES E OPERAÇÕES PERIGOSAS COM RADIAÇÕES IONIZANTES OU SUBSTÂNCIAS RADIOTIVAS;5. ATIVIDADES DE MEDICINA NUCLEAR.;5.2. MANUSEIO DE FONTES SELADAS PARA APLICAÇÃO EM BRAQUITERAPIA.
RADIACAO;ATIVIDADES E OPERAÇÕES PERIGOSAS COM RADIAÇÕES IONIZANTES OU SUBSTÂNCIAS RADIOTIVAS;5. ATIVIDADES DE MEDICINA NUCLEAR.;5.3. OBTENÇÃO DE DADOS BIOLÓGICOS DE PACIENTES COM RADIOISÓTOPOS INCORPORADOS.
RADIACAO;ATIVIDADES E OPERAÇÕES PERIGOSAS COM RADIAÇÕES IONIZANTES OU SUBSTÂNCIAS RADIOTIVAS;5. ATIVIDADES DE MEDICINA NUCLEAR.;5.4. SEGREGAÇÃO, MANUSEIO, TRATAMENTO, ACONDICIONAMENTO E ESTOCAGEM DE REJEITOS RADIOATIVOS.
RADIACAO;ATIVIDADES E OPERAÇÕES PERIGOSAS COM RADIAÇÕES IONIZANTES OU SUBSTÂNCIAS RADIOTIVAS;6. DESCOMISSIONAMENTO DE INSTALAÇÕES NUCLEARES E RADIOATIVAS, QUE INCLUI;6.1 TODAS AS DESCONTAMINAÇÕES RADIOATIVAS INERENTES.
RADIACAO;ATIVIDADES E OPERAÇÕES PERIGOSAS COM RADIAÇÕES IONIZANTES OU SUBSTÂNCIAS RADIOTIVAS;6. DESCOMISSIONAMENTO DE INSTALAÇÕES NUCLEARES E RADIOATIVAS, QUE INCLUI;6.2. GERENCIAMENTO DOS REJEITOS RADIOATIVOS EXISTENTES, OU SEJAM TRATAMENTO E ACONDICIONAMENTO DOS REJEITOS LÍQUIDOS, SÓLIDOS, GASOSOS E AEROSSÓIS TRANSPORTE E DEPOSIÇÃO DOS MESMOS.
RADIACAO;ATIVIDADES E OPERAÇÕES PERIGOSAS COM RADIAÇÕES IONIZANTES OU SUBSTÂNCIAS RADIOTIVAS;7. DESCOMISSIONAMENTO DE MINAS, MOINHOS E USINAS DE TRATAMENTO DE MINERAIS RADIOATIVOS.;7. DESCOMISSIONAMENTO DE MINAS, MOINHOS E USINAS DE TRATAMENTO DE MINERAIS RADIOATIVOS.
